id_estudiante,participacion_clase,horario_estudio,nota_final
E096,Alta,Tarde,3.4
E016,Media,Mañana,5.0
E031,Nula,Tarde,3.5
E159,Media,Tarde,4.6
E129,Media,Mañana,3.5
E116,Baja,Noche,2.2
E070,Nula,Tarde,2.5
E171,Alta,Mañana,4.7
E175,Baja,Mañana,3.7
E046,Alta,Noche,3.4
E067,Baja,Tarde,1.8
E183,Alta,Tarde,5.0
E166,Media,Mañana,5.0
E079,Alta,Tarde,3.1
E187,Media,Mañana,5.0
E178,Media,Noche,4.2
E057,Alta,Tarde,4.4
E153,Media,Mañana,5.0
E083,Baja,Noche,3.0
E069,Nula,Mañana,3.5
E125,Alta,Mañana,3.9
E017,Nula,Tarde,3.6
E149,Media,Tarde,2.5
E094,Nula,Mañana,2.6
E066,Baja,Tarde,2.8
E061,Nula,Tarde,2.5
E085,Media,Mañana,2.9
E068,Baja,Mañana,3.4
E126,Media,Tarde,1.5
E133,Media,Tarde,4.2
E010,Media,Tarde,4.0
E019,Alta,Noche,3.2
E056,Media,Noche,3.6
E076,Baja,Mañana,4.0
E151,Media,Noche,5.0
E105,Alta,Noche,2.0
E136,Media,Mañana,2.3
E138,Media,Tarde,2.9
E165,Media,Tarde,3.8
E077,Baja,Mañana,2.6
E080,Alta,Noche,2.2
E198,Baja,Noche,4.6
E039,Nula,Mañana,4.2
E025,Baja,Noche,3.1
E123,Baja,Mañana,1.5
E196,Media,Mañana,4.4
E030,Nula,Tarde,3.6
E020,Baja,Tarde,4.2
E144,Media,Tarde,3.1
E087,Nula,Tarde,2.6
E115,Baja,Mañana,2.5
E174,Baja,Noche,3.9
E006,Baja,Noche,4.4
E127,Alta,Mañana,3.2
E118,Media,Tarde,3.4
E074,Media,Mañana,3.5
E141,Nula,Tarde,1.7
E099,Alta,Mañana,2.2
E173,Baja,Mañana,4.2
E097,Alta,Mañana,3.0
E170,Alta,Noche,3.0
E098,Alta,Mañana,4.1
E032,Media,Noche,2.8
E013,Baja,Tarde,5.0
E036,Alta,Mañana,3.8
E120,Alta,Tarde,3.6
E043,Baja,Tarde,4.2
E190,Alta,Mañana,4.6
E091,Alta,Mañana,4.0
E137,Nula,Noche,3.4
E052,Alta,Mañana,3.4
E128,Media,Mañana,2.4
E163,Nula,Mañana,4.8
E042,Alta,Noche,2.8
E119,Baja,Tarde,1.8
E114,Baja,Tarde,2.4
E027,Nula,Tarde,4.1
E140,Alta,Mañana,3.4
E101,Alta,Noche,2.7
E112,Media,Mañana,3.0
E003,Media,Noche,3.4
E078,Media,Tarde,4.0
E047,Media,Mañana,4.6
E188,Alta,Mañana,3.7
E192,Nula,Mañana,3.8
E086,Media,Mañana,3.4
E162,Nula,Noche,3.4
E037,Media,Mañana,5.0
E191,Media,Noche,3.0
E062,Alta,Tarde,4.2
E023,Media,Noche,3.6
E142,Alta,Tarde,3.3
E102,Nula,Tarde,2.3
E034,Media,Mañana,3.6
E012,Media,Noche,5.0
E195,Nula,Mañana,4.0
E160,Media,Noche,4.7
E007,Nula,Noche,3.9
E028,Media,Mañana,4.8
E121,Alta,Tarde,3.3
E005,Nula,Mañana,4.1
E033,Alta,Mañana,4.2
E143,Alta,Noche,2.4
E146,Alta,Mañana,3.3
E110,Nula,Noche,2.4
E145,Alta,Tarde,2.8
E011,Media,Mañana,4.8
E063,Baja,Tarde,2.6
E113,Baja,Mañana,3.8
E147,Alta,Mañana,3.6
E167,Alta,Noche,3.4
E001,Alta,Noche,3.4
E199,Media,Mañana,2.7
E154,Media,Tarde,4.4
E071,Nula,Mañana,2.8
E124,Media,Tarde,2.4
E065,Alta,Tarde,2.2
E045,Media,Noche,4.0
E164,Nula,Mañana,4.6
E029,Media,Mañana,4.5
E041,Alta,Tarde,4.6
E109,Baja,Mañana,2.6
E156,Media,Tarde,5.0
E157,Alta,Mañana,4.6
E026,Alta,Mañana,5.0
E024,Alta,Noche,2.8
E185,Baja,Noche,4.9
E148,Baja,Tarde,1.8
E082,Baja,Tarde,2.8
E040,Nula,Tarde,4.3
E169,Baja,Mañana,4.3
E048,Media,Mañana,4.0
E095,Alta,Mañana,4.1
E155,Media,Mañana,4.5
E044,Media,Mañana,4.9
E139,Nula,Noche,2.4
E004,Nula,Tarde,3.8
E106,Media,Tarde,4.2
E054,Baja,Tarde,3.0
E134,Alta,Mañana,3.0
E181,Media,Noche,5.0
E179,Baja,Noche,4.8
E186,Alta,Tarde,5.0
E050,Media,Mañana,3.7
E081,Nula,Tarde,2.4
E035,Alta,Tarde,3.6
E008,Media,Noche,4.9
E111,Media,Tarde,1.6
E092,Nula,Tarde,2.6
E084,Baja,Mañana,2.2
E177,Alta,Tarde,4.4
E182,Alta,Noche,3.0
E090,Nula,Tarde,2.4
E009,Nula,Mañana,4.6
E014,Alta,Noche,2.5
E060,Media,Mañana,3.7
E172,Baja,Tarde,5.0
E132,Baja,Noche,3.5
E018,Nula,Mañana,3.2
E073,Nula,Noche,2.3
E176,Nula,Mañana,3.4
E135,Nula,Tarde,2.9
E168,Media,Noche,3.9
E184,Media,Mañana,3.6
E064,Nula,Noche,2.5
E055,Baja,Tarde,2.8
E108,Media,Mañana,3.2
E051,Media,Mañana,3.2
E197,Alta,Tarde,5.0
E059,Nula,Mañana,2.5
E049,Baja,Tarde,3.4
E089,Media,Mañana,4.1
E022,Media,Mañana,4.0
E058,Nula,Tarde,3.4
E161,Alta,Mañana,4.1
E193,Media,Mañana,4.6
E130,Baja,Tarde,2.4
E038,Alta,Tarde,4.2
E158,Alta,Tarde,4.0
E194,Media,Noche,4.6
E002,Alta,Tarde,4.5
E053,Media,Noche,3.0
E150,Nula,Mañana,3.2
E131,Media,Mañana,3.0
E152,Baja,Noche,4.2
E104,Media,Noche,2.2
E100,Media,Noche,2.0
E117,Baja,Noche,2.3
E088,Baja,Tarde,3.8
E075,Media,Mañana,3.2
E122,Media,Tarde,3.2
E200,Media,Mañana,4.4
E021,Baja,Noche,4.4
E189,Nula,Tarde,4.3
E072,Baja,Tarde,2.4
E107,Baja,Tarde,3.4
E015,Media,Tarde,4.1
E093,Alta,Tarde,3.4
E180,Media,Tarde,3.0
E103,Media,Mañana,3.4
